<?xml version="1.0" encoding="UTF-8"?>
<project-private xmlns="http://www.netbeans.org/ns/project-private/1">
    <editor-bookmarks xmlns="http://www.netbeans.org/ns/editor-bookmarks/2" lastBookmarkId="0"/>
    <open-files xmlns="http://www.netbeans.org/ns/projectui-open-files/2">
        <group>
            <file>file:/C:/Users/maria/OneDrive/Documentos/NetBeansProjects/vDesktop%2025.02.2024/vDesktop18.02.2024/old_controleFrota/src/views/telaCadastroVeiculo.java</file>
            <file>file:/C:/Users/maria/OneDrive/Documentos/NetBeansProjects/vDesktop%2025.02.2024/vDesktop18.02.2024/old_controleFrota/src/views/telaCadastroUsuario.java</file>
            <file>file:/C:/Users/maria/OneDrive/Documentos/NetBeansProjects/vDesktop%2025.02.2024/vDesktop18.02.2024/old_controleFrota/src/views/telaConfirmarSenha.java</file>
        </group>
    </open-files>
</project-private>
