<?xml version="1.0" encoding="UTF-8"?>
<project-private xmlns="http://www.netbeans.org/ns/project-private/1">
    <editor-bookmarks xmlns="http://www.netbeans.org/ns/editor-bookmarks/2" lastBookmarkId="0"/>
    <open-files xmlns="http://www.netbeans.org/ns/projectui-open-files/2">
        <group>
            <file>file:/C:/ProjetosNetBens/controleFrotaTcc-main%20(4)/controleFrotaTcc-main/Versão13.01.24/old_controleFrota/src/views/telaCadastroKitManutencao.java</file>
            <file>file:/C:/ProjetosNetBens/controleFrotaTcc-main%20(4)/controleFrotaTcc-main/Versão13.01.24/old_controleFrota/src/views/telaCadastroUsuario.java</file>
            <file>file:/C:/ProjetosNetBens/controleFrotaTcc-main%20(4)/controleFrotaTcc-main/Versão13.01.24/old_controleFrota/src/views/telaCadastroItem.java</file>
            <file>file:/C:/ProjetosNetBens/controleFrotaTcc-main%20(4)/controleFrotaTcc-main/Versão13.01.24/old_controleFrota/src/config/CadastroItemDao.java</file>
        </group>
    </open-files>
</project-private>
