<?xml version="1.0" encoding="UTF-8"?>
<project-private xmlns="http://www.netbeans.org/ns/project-private/1">
    <editor-bookmarks xmlns="http://www.netbeans.org/ns/editor-bookmarks/2" lastBookmarkId="0"/>
    <open-files xmlns="http://www.netbeans.org/ns/projectui-open-files/2">
        <group>
            <file>file:/C:/Users/maria/OneDrive/Documentos/NetBeansProjects/vDesktop.20.04.2024/old_controleFrota/src/views/telaRedefinirSenha.java</file>
            <file>file:/C:/Users/maria/OneDrive/Documentos/NetBeansProjects/vDesktop.20.04.2024/old_controleFrota/src/Imagem/Confirmar%20Senha.png</file>
            <file>file:/C:/Users/maria/OneDrive/Documentos/NetBeansProjects/vDesktop.20.04.2024/old_controleFrota/src/views/telaAgendamento.java</file>
            <file>file:/C:/Users/maria/OneDrive/Documentos/NetBeansProjects/vDesktop.20.04.2024/old_controleFrota/src/views/telaCriarAgenda.java</file>
        </group>
    </open-files>
</project-private>
