<?xml version="1.0" encoding="UTF-8"?>
<project-private xmlns="http://www.netbeans.org/ns/project-private/1">
    <editor-bookmarks xmlns="http://www.netbeans.org/ns/editor-bookmarks/2" lastBookmarkId="0"/>
    <open-files xmlns="http://www.netbeans.org/ns/projectui-open-files/2">
        <group>
            <file>file:/C:/Users/maria/OneDrive/Documentos/NetBeansProjects/Controle%20de%20Frotas%20v.4/controleFrotaTcc-main/controleFrota/src/views/telaCadastroVeiculo.java</file>
            <file>file:/C:/Users/maria/OneDrive/Documentos/NetBeansProjects/Controle%20de%20Frotas%20v.4/controleFrotaTcc-main/controleFrota/src/views/telaPlanoPreventiva.java</file>
            <file>file:/C:/Users/maria/OneDrive/Documentos/NetBeansProjects/Controle%20de%20Frotas%20v.4/controleFrotaTcc-main/controleFrota/src/views/telaConsultaKitManutencao.java</file>
            <file>file:/C:/Users/maria/OneDrive/Documentos/NetBeansProjects/Controle%20de%20Frotas%20v.4/controleFrotaTcc-main/controleFrota/src/views/telaCadastroKitManutencao.java</file>
            <file>file:/C:/Users/maria/OneDrive/Documentos/NetBeansProjects/Controle%20de%20Frotas%20v.4/controleFrotaTcc-main/controleFrota/src/views/telaCadastroItem.java</file>
        </group>
    </open-files>
</project-private>
